step,crossentropy,val crossentropy,acc micro,val acc micro
1,0.1839538077378219,0.9856257703569201,0.08252580084768281,0.08613746279761904
