step,loss,accuracy,val_loss,val_accuracy
1,1.1793978214263916,0.630807638168335,0.39701732993125916,0.888373076915741
2,0.26778537034988403,0.9265139102935791,0.2559451162815094,0.9245378971099854
3,0.1481817662715912,0.9606658220291138,0.21605923771858215,0.933942437171936
4,0.11058145761489868,0.9695362448692322,0.2204035073518753,0.9328700304031372
5,0.08955173939466476,0.9747459292411804,0.2172362208366394,0.9343445897102356
