step,crossentropy,val crossentropy,acc micro,val acc micro,allgood,val allgood
1,nan,nan,0.40749341484640744,0.5742672874813989,0.0,0.0
2,nan,nan,0.6174297306813349,0.6938270205543154,0.0,0.0
3,nan,nan,0.7335998950361396,0.7723978678385417,3.4877232142857146e-06,1.6276041666666666e-05
4,nan,nan,0.7708163929634354,0.7937691824776785,6.975446428571428e-05,0.00029296875000000004
5,nan,nan,0.7914716448102675,0.8169520786830357,0.00035226004464285714,0.0016682942708333333
6,nan,nan,0.8135618871572063,0.8378115699404763,0.0013939267113095238,0.0038492838541666664
7,nan,nan,0.8304547575866285,0.8482392810639882,0.0032691592261904767,0.007071940104166667
8,nan,nan,0.8469161468298257,0.8603687104724701,0.006489490327380953,0.009049479166666667
9,nan,nan,0.8605401486766582,0.8753842308407739,0.010332961309523811,0.011759440104166666
