step,crossentropy,val crossentropy,acc micro,val acc micro,allgood,val allgood
1,1.7226638765562148,1.706074853738149,0.4612384406887756,0.5925746372767856,0.0,0.0
2,1.7023915478161402,1.6987434029579163,0.660178754118835,0.7472397577194941,1.1625744047619049e-06,8.138020833333333e-06
3,1.6961389694895064,1.6963423490524292,0.7567573806866497,0.7841462634858631,7.440476190476193e-05,0.000830078125
4,1.6928364577747526,1.6942675113677979,0.7845622159996812,0.8005138578869048,0.0005429222470238094,0.0029052734375
5,1.6908495681626456,1.6937381029129028,0.7970982142857144,0.8137532552083334,0.00208100818452381,0.004427083333333334
