step,crossentropy,val crossentropy,acc micro,val acc micro,allgood,val allgood
1,nan,nan,0.41303382925435805,0.5097644624255951,0.0,0.0
2,nan,nan,0.6003939466411563,0.6663356236049107,1.1625744047619049e-06,0.0
3,nan,nan,0.7040626577779546,0.737595912388393,5.6966145833333334e-05,0.001513671875
4,nan,nan,0.7514173442814626,0.780593726748512,0.0009951636904761904,0.006583658854166666
5,nan,nan,0.7827509665975766,0.8007417224702381,0.0027680896577380954,0.007486979166666667
