step,crossentropy,val crossentropy,acc micro,val acc micro
1,0.04117112142158474,0.28494501445028514,0.10635321999893706,0.08499494280133928
